{
  "db": {
    "description": "Server configuration",
    "values": {
      "address": "175.24.230.156",
      "port": 3306,
      "user": "teamwork_forecast",
      "password": "xbsd@2022",
      "database": "nwh_forecast",
      "database_monitor": "nwh_monitor"
    },
    "in": {
      "description": "Table of input data",
      "values": {
        "input": "typical_year_supply_water_input",
        "yearly_input": "yearly_output",
        "reservoir_info": "st_reservoir_information"
      }
    },
    "out": {
      "description": "Table of output data",
      "values": "typical_year_supply_water_output"
    }
  },
  "setting": {
    "description": "Setting of supply water",
    "params": {
      "values": {
        "dfy_a": -9.086e-24,
        "dfy_b": 5.836e-19,
        "dfy_c": -1.469e-14,
        "dfy_d": 1.846e-10,
        "dfy_e": -1.24e-6,
        "dfy_f": 0.004987,
        "dfy_g": 17.474,
        "dp_a": -0.00000000000000000000000398,
        "dp_b": 0.00000000000000000029942896,
        "dp_c": -0.00000000000000878108390664,
        "dp_d": 0.000000000127121676995427,
        "dp_e": -0.000000962288273875121,
        "dp_f": 0.00422947438636661,
        "dp_g": 18.0539326129249,
        "dfy_aa": -0.000183713,
        "dfy_bb": 0.0025325647,
        "dfy_cc": 1.3718662584,
        "dfy_dd": -91.0101476634,
        "dfy_ee": 2445.6304916712,
        "dfy_ff": -30760.9953554777,
        "dfy_gg": 149723.034094945,
        "dp_aa": -0.1777,
        "dp_bb": 20.295,
        "dp_cc": -749.11,
        "dp_dd": 11532,
        "dp_ee": -64469,
        "Zxunxian_dfy": [
          28, 28, 28, 28, 28, 27.5, 27.5, 27.5, 27.5, 28, 28, 28
        ],
        "Vxunxian_dfy": [
          6177.18, 6177.18, 6177.18, 6177.18, 6177.18, 5477.06, 5477.06,
          5477.06, 6177.18, 6177.18, 6177.18, 6177.18
        ],
        "Zxunxian_dp": [29, 29, 29, 29, 29, 28, 28, 28, 28, 29, 29, 29],
        "Vxunxian_dp": [
          9230.58, 9230.58, 9230.58, 9230.58, 9230.58, 7392.78, 7392.78,
          7392.78, 7392.78, 9230.58, 9230.58, 9230.58
        ],
        "Zsishui_dfy": 18,
        "Vsishui_dfy": 186.1,
        "Zsishui_dp": 18.5,
        "Vsishui_dp": 166.09
      }
    },
    "dongpu": {
      "inflow_formula": {
        "1": [
          0.003238575, 0.007916517, 0.046299628, 0.013434089, 0.03802327,
          0.130382632, 0.557514694, 0.17104474, 0.022430131, 0.009715725, 0, 0
        ],
        "2": [
          0.010014728, 0.027835052, 0.043446244, 0.108541973, 0.140942563,
          0.068483063, 0.137260677, 0.338586156, 0.009131075, 0.076435935,
          0.021354934, 0.017967599
        ],
        "3": [
          0.030009452, 0, 0.020557656, 0.059310019, 0.045132325, 0.051512287,
          0.562381853, 0.100897921, 0.043241966, 0.030954631, 0.016776938,
          0.039224953
        ],
        "4": [
          0, 0, 0.046307332, 0, 0.061738255, 0.379444942, 0.062055712,
          0.407460147, 0.017663664, 0, 0.025329933, 0
        ],
        "5": [
          0.075754322, 0.417944637, 0, 0.108179226, 0.12321503, 0.079302243,
          -6.74053e-17, 0.008792377, 0.009547399, 0.064585582, 1.77555e-16,
          0.112679182
        ]
      },
      "plan": {
        "0": {
          "type": "50%",
          "supply_water_level": [
            28.46814476, 28.21292836, 27.59967245, 27.07008403, 26.5627442,
            27.18632384, 27.50496517, 27.53435525, 28.07149217, 27.6642218,
            28.38880167, 27.56617765
          ],
          "supply_water_volume": [
            4305.800579, 1052.50285, 4518.624183, 4865.963037, 958.7578703,
            3687.998705, 4417.44934, 3301.694547, 3295.203111, 3913.088489,
            2913.169635, 4391.725747
          ]
        },
        "1": {
          "type": "25%",
          "supply_water_level": [
            26.70517423, 27.09392178, 28.09821065, 27.32202928, 27.26577467,
            27.32778371, 27.69750004, 28.0651163, 27.67909187, 26.68032454,
            27.33040258, 26.69660689
          ],
          "supply_water_volume": [
            4721.35228, 440.6385282, 1799.316205, 2911.46264, 2435.398095,
            3956.886677, 2736.316454, 1318.194471, 4017.623947, 847.5794056,
            3329.560234, 2852.523318
          ]
        },
        "2": {
          "type": "50%",
          "supply_water_level": [
            28.16885099, 27.38622305, 27.46523356, 27.33058899, 27.10644777,
            26.75242012, 26.51468637, 27.33930187, 26.85791958, 26.63067667,
            26.56233869, 26.31926007
          ],
          "supply_water_volume": [
            445.3153632, 332.7850377, 605.6493902, 3992.279586, 2178.14155,
            2447.719098, 4555.694155, 3673.872968, 568.2509552, 2012.036889,
            185.1048836, 970.8844458
          ]
        },
        "3": {
          "type": "75%",
          "supply_water_level": [
            26.38888623, 26.7396427, 26.74186658, 26.6889172, 27.36581904,
            27.6022592, 26.280872, 26.52289461, 27.25000768, 26.2758005,
            28.35511755, 27.2312153
          ],
          "supply_water_volume": [
            2410.540339, 2398.701796, 2698.093979, 1311.669999, 294.5256646,
            2741.382139, 1686.304356, 1571.271724, 384.6653624, 95.01038127,
            621.6423097, 1198.861566
          ]
        },
        "4": {
          "type": "90%",
          "supply_water_level": [
            27.36957354, 27.45446393, 28.37289505, 27.26506725, 27.92094068,
            26.9711477, 27.22809192, 27.14774182, 27.46588195, 28.37562134,
            27.66947637, 26.96121721
          ],
          "supply_water_volume": [
            4865.436454, 2904.702716, 4052.155041, 3213.531595, 3073.00659,
            1433.772005, 3886.533419, 589.4206463, 3759.14651, 1178.210053,
            1036.94538, 1869.578171
          ]
        },
        "5": {
          "type": "95%",
          "supply_water_level": [
            27.99381433, 26.46332847, 27.15269964, 27.41711479, 27.55559248,
            27.55585593, 27.6296499, 27.9431446, 27.28780497, 27.42211947,
            27.47282312, 26.51582198
          ],
          "supply_water_volume": [
            3749.446937, 1373.598048, 3110.433401, 1925.041775, 3374.991079,
            3138.500689, 1701.372185, 4610.669976, 2701.950172, 4856.159799,
            2557.715548, 2314.356347
          ]
        }
      }
    },
    "dafangying": {
      "inflow_formula": {
        "1": [
          0.006323196, 0.062392419, 0.16940616, 0.088201514, 0.040749913,
          0.074659885, 0.20879101, 0.118246163, 0.228171654, 0.003058087, 0, 0
        ],
        "2": [
          0.042638904, 0.048709497, 0.074577615, 0.032999284, 0.081640494,
          0.167828485, 0.094961897, 0.162953217, 0.05994566, 0.098391502,
          0.069933376, 0.065420069
        ],
        "3": [
          0.076890231, 0.117532761, 0.044366613, 0.023155059, 0.096521442,
          0.082266523, 0.034169913, 0.457767591, 0.021864533, 0.011891546,
          0.031702709, 0.001871084
        ],
        "4": [
          0.120579445, 0.238402872, 0.058837562, 0.10905061, 0.07639265,
          0.090717308, 0.057660274, 0.109179922, 0.079298514, 0.028203672,
          0.031677177, 0
        ],
        "5": [
          0.120579445, 0.238402872, 0.058837562, 0.10905061, 0.07639265,
          0.090717308, 0.057660274, 0.109179922, 0.079298514, 0.028203672,
          0.031677177, 0
        ]
      },
      "plan": {
        "0": {
          "type": "50%",
          "supply_water_level": [
            27.31007666, 27.42510238, 27.88613404, 26.2452688, 27.48215225,
            26.2713252, 26.68579967, 26.39756291, 26.84464259, 27.20782546,
            26.67223657, 26.5278322
          ],
          "supply_water_volume": [
            3044.351091, 2442.781278, 860.0149798, 3552.502079, 3908.434155,
            1409.250956, 359.99898, 1111.107108, 3980.333597, 4062.572912,
            2558.441824, 3285.166202
          ]
        },